{
  "name": "CORE19-02_events",
  "version": "1.0.0",
  "lockfileVersion": 1,
  "requires": true,
  "dependencies": {
    "archiver": {
      "version": "3.0.0",
      "resolved": "https://registry.npmjs.org/archiver/-/archiver-3.0.0.tgz",
      "integrity": "sha512-5QeR6Xc5hSA9X1rbQfcuQ6VZuUXOaEdB65Dhmk9duuRJHYif/ZyJfuyJqsQrj34PFjU5emv5/MmfgA8un06onw==",
      "requires": {
        "archiver-utils": "^2.0.0",
        "async": "^2.0.0",
        "buffer-crc32": "^0.2.1",
        "glob": "^7.0.0",
        "readable-stream": "^2.0.0",
        "tar-stream": "^1.5.0",
        "zip-stream": "^2.0.1"
      }
    },
    "archiver-utils": {
      "version": "2.0.0",
      "resolved": "https://registry.npmjs.org/archiver-utils/-/archiver-utils-2.0.0.tgz",
      "integrity": "sha512-JRBgcVvDX4Mwu2RBF8bBaHcQCSxab7afsxAPYDQ5W+19quIPP5CfKE7Ql+UHs9wYvwsaNR8oDuhtf5iqrKmzww==",
      "requires": {
        "glob": "^7.0.0",
        "graceful-fs": "^4.1.0",
        "lazystream": "^1.0.0",
        "lodash.assign": "^4.2.0",
        "lodash.defaults": "^4.2.0",
        "lodash.difference": "^4.5.0",
        "lodash.flatten": "^4.4.0",
        "lodash.isplainobject": "^4.0.6",
        "lodash.toarray": "^4.4.0",
        "lodash.union": "^4.6.0",
        "normalize-path": "^3.0.0",
        "readable-stream": "^2.0.0"
      }
    },
    "assertion-error": {
      "version": "1.1.0",
      "resolved": "https://registry.npmjs.org/assertion-error/-/assertion-error-1.1.0.tgz",
      "integrity": "sha512-jgsaNduz+ndvGyFt3uSuWqvy4lCnIJiovtouQN5JZHOKCS2QuhEdbcQHFhVksz2N2U9hXJo8odG7ETyWlEeuDw=="
    },
    "async": {
      "version": "2.6.2",
      "resolved": "https://registry.npmjs.org/async/-/async-2.6.2.tgz",
      "integrity": "sha512-H1qVYh1MYhEEFLsP97cVKqCGo7KfCyTt6uEWqsTBr9SO84oK9Uwbyd/yCW+6rKJLHksBNUVWZDAjfS+Ccx0Bbg==",
      "requires": {
        "lodash": "^4.17.11"
      }
    },
    "balanced-match": {
      "version": "1.0.0",
      "resolved": "https://registry.npmjs.org/balanced-match/-/balanced-match-1.0.0.tgz",
      "integrity": "sha1-ibTRmasr7kneFk6gK4nORi1xt2c="
    },
    "base64-js": {
      "version": "1.3.0",
      "resolved": "https://registry.npmjs.org/base64-js/-/base64-js-1.3.0.tgz",
      "integrity": "sha512-ccav/yGvoa80BQDljCxsmmQ3Xvx60/UpBIij5QN21W3wBi/hhIC9OoO+KLpu9IJTS9j4DRVJ3aDDF9cMSoa2lw=="
    },
    "bl": {
      "version": "1.2.2",
      "resolved": "https://registry.npmjs.org/bl/-/bl-1.2.2.tgz",
      "integrity": "sha512-e8tQYnZodmebYDWGH7KMRvtzKXaJHx3BbilrgZCfvyLUYdKpK1t5PSPmpkny/SgiTSCnjfLW7v5rlONXVFkQEA==",
      "requires": {
        "readable-stream": "^2.3.5",
        "safe-buffer": "^5.1.1"
      }
    },
    "brace-expansion": {
      "version": "1.1.11",
      "resolved": "https://registry.npmjs.org/brace-expansion/-/brace-expansion-1.1.11.tgz",
      "integrity": "sha512-iCuPHDFgrHX7H2vEI/5xpz07zSHB00TpugqhmYtVmMO6518mCuRMoOYFldEBl0g187ufozdaHgWKcYFb61qGiA==",
      "requires": {
        "balanced-match": "^1.0.0",
        "concat-map": "0.0.1"
      }
    },
    "browser-stdout": {
      "version": "1.3.1",
      "resolved": "https://registry.npmjs.org/browser-stdout/-/browser-stdout-1.3.1.tgz",
      "integrity": "sha512-qhAVI1+Av2X7qelOfAIYwXONood6XlZE/fXaBSmW/T5SzLAmCgzi+eiWE7fUvbHaeNBQH13UftjpXxsfLkMpgw=="
    },
    "buffer": {
      "version": "5.2.1",
      "resolved": "https://registry.npmjs.org/buffer/-/buffer-5.2.1.tgz",
      "integrity": "sha512-c+Ko0loDaFfuPWiL02ls9Xd3GO3cPVmUobQ6t3rXNUk304u6hGq+8N/kFi+QEIKhzK3uwolVhLzszmfLmMLnqg==",
      "requires": {
        "base64-js": "^1.0.2",
        "ieee754": "^1.1.4"
      }
    },
    "buffer-alloc": {
      "version": "1.2.0",
      "resolved": "https://registry.npmjs.org/buffer-alloc/-/buffer-alloc-1.2.0.tgz",
      "integrity": "sha512-CFsHQgjtW1UChdXgbyJGtnm+O/uLQeZdtbDo8mfUgYXCHSM1wgrVxXm6bSyrUuErEb+4sYVGCzASBRot7zyrow==",
      "requires": {
        "buffer-alloc-unsafe": "^1.1.0",
        "buffer-fill": "^1.0.0"
      }
    },
    "buffer-alloc-unsafe": {
      "version": "1.1.0",
      "resolved": "https://registry.npmjs.org/buffer-alloc-unsafe/-/buffer-alloc-unsafe-1.1.0.tgz",
      "integrity": "sha512-TEM2iMIEQdJ2yjPJoSIsldnleVaAk1oW3DBVUykyOLsEsFmEc9kn+SFFPz+gl54KQNxlDnAwCXosOS9Okx2xAg=="
    },
    "buffer-crc32": {
      "version": "0.2.13",
      "resolved": "https://registry.npmjs.org/buffer-crc32/-/buffer-crc32-0.2.13.tgz",
      "integrity": "sha1-DTM+PwDqxQqhRUq9MO+MKl2ackI="
    },
    "buffer-fill": {
      "version": "1.0.0",
      "resolved": "https://registry.npmjs.org/buffer-fill/-/buffer-fill-1.0.0.tgz",
      "integrity": "sha1-+PeLdniYiO858gXNY39o5wISKyw="
    },
    "chai": {
      "version": "4.2.0",
      "resolved": "https://registry.npmjs.org/chai/-/chai-4.2.0.tgz",
      "integrity": "sha512-XQU3bhBukrOsQCuwZndwGcCVQHyZi53fQ6Ys1Fym7E4olpIqqZZhhoFJoaKVvV17lWQoXYwgWN2nF5crA8J2jw==",
      "requires": {
        "assertion-error": "^1.1.0",
        "check-error": "^1.0.2",
        "deep-eql": "^3.0.1",
        "get-func-name": "^2.0.0",
        "pathval": "^1.1.0",
        "type-detect": "^4.0.5"
      }
    },
    "check-error": {
      "version": "1.0.2",
      "resolved": "https://registry.npmjs.org/check-error/-/check-error-1.0.2.tgz",
      "integrity": "sha1-V00xLt2Iu13YkS6Sht1sCu1KrII="
    },
    "commander": {
      "version": "2.15.1",
      "resolved": "https://registry.npmjs.org/commander/-/commander-2.15.1.tgz",
      "integrity": "sha512-VlfT9F3V0v+jr4yxPc5gg9s62/fIVWsd2Bk2iD435um1NlGMYdVCq+MjcXnhYq2icNOizHr1kK+5TI6H0Hy0ag=="
    },
    "compress-commons": {
      "version": "1.2.2",
      "resolved": "https://registry.npmjs.org/compress-commons/-/compress-commons-1.2.2.tgz",
      "integrity": "sha1-UkqfEJA/OoEzibAiXSfEi7dRiQ8=",
      "requires": {
        "buffer-crc32": "^0.2.1",
        "crc32-stream": "^2.0.0",
        "normalize-path": "^2.0.0",
        "readable-stream": "^2.0.0"
      },
      "dependencies": {
        "normalize-path": {
          "version": "2.1.1",
          "resolved": "https://registry.npmjs.org/normalize-path/-/normalize-path-2.1.1.tgz",
          "integrity": "sha1-GrKLVW4Zg2Oowab35vogE3/mrtk=",
          "requires": {
            "remove-trailing-separator": "^1.0.1"
          }
        }
      }
    },
    "concat-map": {
      "version": "0.0.1",
      "resolved": "https://registry.npmjs.org/concat-map/-/concat-map-0.0.1.tgz",
      "integrity": "sha1-2Klr13/Wjfd5OnMDajug1UBdR3s="
    },
    "core-util-is": {
      "version": "1.0.2",
      "resolved": "https://registry.npmjs.org/core-util-is/-/core-util-is-1.0.2.tgz",
      "integrity": "sha1-tf1UIgqivFq1eqtxQMlAdUUDwac="
    },
    "crc": {
      "version": "3.8.0",
      "resolved": "https://registry.npmjs.org/crc/-/crc-3.8.0.tgz",
      "integrity": "sha512-iX3mfgcTMIq3ZKLIsVFAbv7+Mc10kxabAGQb8HvjA1o3T1PIYprbakQ65d3I+2HGHt6nSKkM9PYjgoJO2KcFBQ==",
      "requires": {
        "buffer": "^5.1.0"
      }
    },
    "crc32-stream": {
      "version": "2.0.0",
      "resolved": "https://registry.npmjs.org/crc32-stream/-/crc32-stream-2.0.0.tgz",
      "integrity": "sha1-483TtN8xaN10494/u8t7KX/pCPQ=",
      "requires": {
        "crc": "^3.4.4",
        "readable-stream": "^2.0.0"
      }
    },
    "debug": {
      "version": "3.1.0",
      "resolved": "https://registry.npmjs.org/debug/-/debug-3.1.0.tgz",
      "integrity": "sha512-OX8XqP7/1a9cqkxYw2yXss15f26NKWBpDXQd0/uK/KPqdQhxbPa994hnzjcE2VqQpDslf55723cKPUOGSmMY3g==",
      "requires": {
        "ms": "2.0.0"
      }
    },
    "deep-eql": {
      "version": "3.0.1",
      "resolved": "https://registry.npmjs.org/deep-eql/-/deep-eql-3.0.1.tgz",
      "integrity": "sha512-+QeIQyN5ZuO+3Uk5DYh6/1eKO0m0YmJFGNmFHGACpf1ClL1nmlV/p4gNgbl2pJGxgXb4faqo6UE+M5ACEMyVcw==",
      "requires": {
        "type-detect": "^4.0.0"
      }
    },
    "diff": {
      "version": "3.5.0",
      "resolved": "https://registry.npmjs.org/diff/-/diff-3.5.0.tgz",
      "integrity": "sha512-A46qtFgd+g7pDZinpnwiRJtxbC1hpgf0uzP3iG89scHk0AUC7A1TGxf5OiiOUv/JMZR8GOt8hL900hV0bOy5xA=="
    },
    "end-of-stream": {
      "version": "1.4.1",
      "resolved": "https://registry.npmjs.org/end-of-stream/-/end-of-stream-1.4.1.tgz",
      "integrity": "sha512-1MkrZNvWTKCaigbn+W15elq2BB/L22nqrSY5DKlo3X6+vclJm8Bb5djXJBmEX6fS3+zCh/F4VBK5Z2KxJt4s2Q==",
      "requires": {
        "once": "^1.4.0"
      }
    },
    "escape-string-regexp": {
      "version": "1.0.5",
      "resolved": "https://registry.npmjs.org/escape-string-regexp/-/escape-string-regexp-1.0.5.tgz",
      "integrity": "sha1-G2HAViGQqN/2rjuyzwIAyhMLhtQ="
    },
    "fs-constants": {
      "version": "1.0.0",
      "resolved": "https://registry.npmjs.org/fs-constants/-/fs-constants-1.0.0.tgz",
      "integrity": "sha512-y6OAwoSIf7FyjMIv94u+b5rdheZEjzR63GTyZJm5qh4Bi+2YgwLCcI/fPFZkL5PSixOt6ZNKm+w+Hfp/Bciwow=="
    },
    "fs-extra": {
      "version": "6.0.1",
      "resolved": "https://registry.npmjs.org/fs-extra/-/fs-extra-6.0.1.tgz",
      "integrity": "sha512-GnyIkKhhzXZUWFCaJzvyDLEEgDkPfb4/TPvJCJVuS8MWZgoSsErf++QpiAlDnKFcqhRlm+tIOcencCjyJE6ZCA==",
      "requires": {
        "graceful-fs": "^4.1.2",
        "jsonfile": "^4.0.0",
        "universalify": "^0.1.0"
      }
    },
    "fs.realpath": {
      "version": "1.0.0",
      "resolved": "https://registry.npmjs.org/fs.realpath/-/fs.realpath-1.0.0.tgz",
      "integrity": "sha1-FQStJSMVjKpA20onh8sBQRmU6k8="
    },
    "get-func-name": {
      "version": "2.0.0",
      "resolved": "https://registry.npmjs.org/get-func-name/-/get-func-name-2.0.0.tgz",
      "integrity": "sha1-6td0q+5y4gQJQzoGY2YCPdaIekE="
    },
    "glob": {
      "version": "7.1.3",
      "resolved": "https://registry.npmjs.org/glob/-/glob-7.1.3.tgz",
      "integrity": "sha512-vcfuiIxogLV4DlGBHIUOwI0IbrJ8HWPc4MU7HzviGeNho/UJDfi6B5p3sHeWIQ0KGIU0Jpxi5ZHxemQfLkkAwQ==",
      "requires": {
        "fs.realpath": "^1.0.0",
        "inflight": "^1.0.4",
        "inherits": "2",
        "minimatch": "^3.0.4",
        "once": "^1.3.0",
        "path-is-absolute": "^1.0.0"
      }
    },
    "graceful-fs": {
      "version": "4.1.15",
      "resolved": "https://registry.npmjs.org/graceful-fs/-/graceful-fs-4.1.15.tgz",
      "integrity": "sha512-6uHUhOPEBgQ24HM+r6b/QwWfZq+yiFcipKFrOFiBEnWdy5sdzYoi+pJeQaPI5qOLRFqWmAXUPQNsielzdLoecA=="
    },
    "growl": {
      "version": "1.10.5",
      "resolved": "https://registry.npmjs.org/growl/-/growl-1.10.5.tgz",
      "integrity": "sha512-qBr4OuELkhPenW6goKVXiv47US3clb3/IbuWF9KNKEijAy9oeHxU9IgzjvJhHkUzhaj7rOUD7+YGWqUjLp5oSA=="
    },
    "has-flag": {
      "version": "3.0.0",
      "resolved": "https://registry.npmjs.org/has-flag/-/has-flag-3.0.0.tgz",
      "integrity": "sha1-tdRU3CGZriJWmfNGfloH87lVuv0="
    },
    "he": {
      "version": "1.1.1",
      "resolved": "https://registry.npmjs.org/he/-/he-1.1.1.tgz",
      "integrity": "sha1-k0EP0hsAlzUVH4howvJx80J+I/0="
    },
    "ieee754": {
      "version": "1.1.12",
      "resolved": "https://registry.npmjs.org/ieee754/-/ieee754-1.1.12.tgz",
      "integrity": "sha512-GguP+DRY+pJ3soyIiGPTvdiVXjZ+DbXOxGpXn3eMvNW4x4irjqXm4wHKscC+TfxSJ0yw/S1F24tqdMNsMZTiLA=="
    },
    "inflight": {
      "version": "1.0.6",
      "resolved": "https://registry.npmjs.org/inflight/-/inflight-1.0.6.tgz",
      "integrity": "sha1-Sb1jMdfQLQwJvJEKEHW6gWW1bfk=",
      "requires": {
        "once": "^1.3.0",
        "wrappy": "1"
      }
    },
    "inherits": {
      "version": "2.0.3",
      "resolved": "https://registry.npmjs.org/inherits/-/inherits-2.0.3.tgz",
      "integrity": "sha1-Yzwsg+PaQqUC9SRmAiSA9CCCYd4="
    },
    "isarray": {
      "version": "1.0.0",
      "resolved": "https://registry.npmjs.org/isarray/-/isarray-1.0.0.tgz",
      "integrity": "sha1-u5NdSFgsuhaMBoNJV6VKPgcSTxE="
    },
    "jsonfile": {
      "version": "4.0.0",
      "resolved": "https://registry.npmjs.org/jsonfile/-/jsonfile-4.0.0.tgz",
      "integrity": "sha1-h3Gq4HmbZAdrdmQPygWPnBDjPss=",
      "requires": {
        "graceful-fs": "^4.1.6"
      }
    },
    "later": {
      "version": "1.2.0",
      "resolved": "https://registry.npmjs.org/later/-/later-1.2.0.tgz",
      "integrity": "sha1-8s9sTdeVbdL1IK3wMpg26YdrrQ8="
    },
    "lazystream": {
      "version": "1.0.0",
      "resolved": "https://registry.npmjs.org/lazystream/-/lazystream-1.0.0.tgz",
      "integrity": "sha1-9plf4PggOS9hOWvolGJAe7dxaOQ=",
      "requires": {
        "readable-stream": "^2.0.5"
      }
    },
    "lodash": {
      "version": "4.17.11",
      "resolved": "https://registry.npmjs.org/lodash/-/lodash-4.17.11.tgz",
      "integrity": "sha512-cQKh8igo5QUhZ7lg38DYWAxMvjSAKG0A8wGSVimP07SIUEK2UO+arSRKbRZWtelMtN5V0Hkwh5ryOto/SshYIg=="
    },
    "lodash.assign": {
      "version": "4.2.0",
      "resolved": "https://registry.npmjs.org/lodash.assign/-/lodash.assign-4.2.0.tgz",
      "integrity": "sha1-DZnzzNem0mHRm9rrkkUAXShYCOc="
    },
    "lodash.defaults": {
      "version": "4.2.0",
      "resolved": "https://registry.npmjs.org/lodash.defaults/-/lodash.defaults-4.2.0.tgz",
      "integrity": "sha1-0JF4cW/+pN3p5ft7N/bwgCJ0WAw="
    },
    "lodash.difference": {
      "version": "4.5.0",
      "resolved": "https://registry.npmjs.org/lodash.difference/-/lodash.difference-4.5.0.tgz",
      "integrity": "sha1-nMtOUF1Ia5FlE0V3KIWi3yf9AXw="
    },
    "lodash.flatten": {
      "version": "4.4.0",
      "resolved": "https://registry.npmjs.org/lodash.flatten/-/lodash.flatten-4.4.0.tgz",
      "integrity": "sha1-8xwiIlqWMtK7+OSt2+8kCqdlph8="
    },
    "lodash.isplainobject": {
      "version": "4.0.6",
      "resolved": "https://registry.npmjs.org/lodash.isplainobject/-/lodash.isplainobject-4.0.6.tgz",
      "integrity": "sha1-fFJqUtibRcRcxpC4gWO+BJf1UMs="
    },
    "lodash.toarray": {
      "version": "4.4.0",
      "resolved": "https://registry.npmjs.org/lodash.toarray/-/lodash.toarray-4.4.0.tgz",
      "integrity": "sha1-JMS/zWsvuji/0FlNsRedjptlZWE="
    },
    "lodash.union": {
      "version": "4.6.0",
      "resolved": "https://registry.npmjs.org/lodash.union/-/lodash.union-4.6.0.tgz",
      "integrity": "sha1-SLtQiECfFvGCFmZkHETdGqrjzYg="
    },
    "minimatch": {
      "version": "3.0.4",
      "resolved": "https://registry.npmjs.org/minimatch/-/minimatch-3.0.4.tgz",
      "integrity": "sha512-yJHVQEhyqPLUTgt9B83PXu6W3rx4MvvHvSUvToogpwoGDOUQ+yDrR0HRot+yOCdCO7u4hX3pWft6kWBBcqh0UA==",
      "requires": {
        "brace-expansion": "^1.1.7"
      }
    },
    "minimist": {
      "version": "0.0.8",
      "resolved": "https://registry.npmjs.org/minimist/-/minimist-0.0.8.tgz",
      "integrity": "sha1-hX/Kv8M5fSYluCKCYuhqp6ARsF0="
    },
    "mkdirp": {
      "version": "0.5.1",
      "resolved": "https://registry.npmjs.org/mkdirp/-/mkdirp-0.5.1.tgz",
      "integrity": "sha1-MAV0OOrGz3+MR2fzhkjWaX11yQM=",
      "requires": {
        "minimist": "0.0.8"
      }
    },
    "mocha": {
      "version": "5.2.0",
      "resolved": "https://registry.npmjs.org/mocha/-/mocha-5.2.0.tgz",
      "integrity": "sha512-2IUgKDhc3J7Uug+FxMXuqIyYzH7gJjXECKe/w43IGgQHTSj3InJi+yAA7T24L9bQMRKiUEHxEX37G5JpVUGLcQ==",
      "requires": {
        "browser-stdout": "1.3.1",
        "commander": "2.15.1",
        "debug": "3.1.0",
        "diff": "3.5.0",
        "escape-string-regexp": "1.0.5",
        "glob": "7.1.2",
        "growl": "1.10.5",
        "he": "1.1.1",
        "minimatch": "3.0.4",
        "mkdirp": "0.5.1",
        "supports-color": "5.4.0"
      },
      "dependencies": {
        "glob": {
          "version": "7.1.2",
          "resolved": "https://registry.npmjs.org/glob/-/glob-7.1.2.tgz",
          "integrity": "sha512-MJTUg1kjuLeQCJ+ccE4Vpa6kKVXkPYJ2mOCQyUuKLcLQsdrMCpBPUi8qVE6+YuaJkozeA9NusTAw3hLr8Xe5EQ==",
          "requires": {
            "fs.realpath": "^1.0.0",
            "inflight": "^1.0.4",
            "inherits": "2",
            "minimatch": "^3.0.4",
            "once": "^1.3.0",
            "path-is-absolute": "^1.0.0"
          }
        }
      }
    },
    "ms": {
      "version": "2.0.0",
      "resolved": "https://registry.npmjs.org/ms/-/ms-2.0.0.tgz",
      "integrity": "sha1-VgiurfwAvmwpAd9fmGF4jeDVl8g="
    },
    "normalize-path": {
      "version": "3.0.0",
      "resolved": "https://registry.npmjs.org/normalize-path/-/normalize-path-3.0.0.tgz",
      "integrity": "sha512-6eZs5Ls3WtCisHWp9S2GUy8dqkpGi4BVSz3GaqiE6ezub0512ESztXUwUB6C6IKbQkY2Pnb/mD4WYojCRwcwLA=="
    },
    "once": {
      "version": "1.4.0",
      "resolved": "https://registry.npmjs.org/once/-/once-1.4.0.tgz",
      "integrity": "sha1-WDsap3WWHUsROsF9nFC6753Xa9E=",
      "requires": {
        "wrappy": "1"
      }
    },
    "path-is-absolute": {
      "version": "1.0.1",
      "resolved": "https://registry.npmjs.org/path-is-absolute/-/path-is-absolute-1.0.1.tgz",
      "integrity": "sha1-F0uSaHNVNP+8es5r9TpanhtcX18="
    },
    "pathval": {
      "version": "1.1.0",
      "resolved": "https://registry.npmjs.org/pathval/-/pathval-1.1.0.tgz",
      "integrity": "sha1-uULm1L3mUwBe9rcTYd74cn0GReA="
    },
    "process-nextick-args": {
      "version": "2.0.0",
      "resolved": "https://registry.npmjs.org/process-nextick-args/-/process-nextick-args-2.0.0.tgz",
      "integrity": "sha512-MtEC1TqN0EU5nephaJ4rAtThHtC86dNN9qCuEhtshvpVBkAW5ZO7BASN9REnF9eoXGcRub+pFuKEpOHE+HbEMw=="
    },
    "readable-stream": {
      "version": "2.3.6",
      "resolved": "https://registry.npmjs.org/readable-stream/-/readable-stream-2.3.6.tgz",
      "integrity": "sha512-tQtKA9WIAhBF3+VLAseyMqZeBjW0AHJoxOtYqSUZNJxauErmLbVm2FW1y+J/YA9dUrAC39ITejlZWhVIwawkKw==",
      "requires": {
        "core-util-is": "~1.0.0",
        "inherits": "~2.0.3",
        "isarray": "~1.0.0",
        "process-nextick-args": "~2.0.0",
        "safe-buffer": "~5.1.1",
        "string_decoder": "~1.1.1",
        "util-deprecate": "~1.0.1"
      }
    },
    "remove-trailing-separator": {
      "version": "1.1.0",
      "resolved": "https://registry.npmjs.org/remove-trailing-separator/-/remove-trailing-separator-1.1.0.tgz",
      "integrity": "sha1-wkvOKig62tW8P1jg1IJJuSN52O8="
    },
    "safe-buffer": {
      "version": "5.1.2",
      "resolved": "https://registry.npmjs.org/safe-buffer/-/safe-buffer-5.1.2.tgz",
      "integrity": "sha512-Gd2UZBJDkXlY7GbJxfsE8/nvKkUEU1G38c1siN6QP6a9PT9MmHB8GnpscSmMJSoF8LOIrt8ud/wPtojys4G6+g=="
    },
    "string_decoder": {
      "version": "1.1.1",
      "resolved": "https://registry.npmjs.org/string_decoder/-/string_decoder-1.1.1.tgz",
      "integrity": "sha512-n/ShnvDi6FHbbVfviro+WojiFzv+s8MPMHBczVePfUpDJLwoLT0ht1l4YwBCbi8pJAveEEdnkHyPyTP/mzRfwg==",
      "requires": {
        "safe-buffer": "~5.1.0"
      }
    },
    "supports-color": {
      "version": "5.4.0",
      "resolved": "https://registry.npmjs.org/supports-color/-/supports-color-5.4.0.tgz",
      "integrity": "sha512-zjaXglF5nnWpsq470jSv6P9DwPvgLkuapYmfDm3JWOm0vkNTVF2tI4UrN2r6jH1qM/uc/WtxYY1hYoA2dOKj5w==",
      "requires": {
        "has-flag": "^3.0.0"
      }
    },
    "tar-stream": {
      "version": "1.6.2",
      "resolved": "https://registry.npmjs.org/tar-stream/-/tar-stream-1.6.2.tgz",
      "integrity": "sha512-rzS0heiNf8Xn7/mpdSVVSMAWAoy9bfb1WOTYC78Z0UQKeKa/CWS8FOq0lKGNa8DWKAn9gxjCvMLYc5PGXYlK2A==",
      "requires": {
        "bl": "^1.0.0",
        "buffer-alloc": "^1.2.0",
        "end-of-stream": "^1.0.0",
        "fs-constants": "^1.0.0",
        "readable-stream": "^2.3.0",
        "to-buffer": "^1.1.1",
        "xtend": "^4.0.0"
      }
    },
    "to-buffer": {
      "version": "1.1.1",
      "resolved": "https://registry.npmjs.org/to-buffer/-/to-buffer-1.1.1.tgz",
      "integrity": "sha512-lx9B5iv7msuFYE3dytT+KE5tap+rNYw+K4jVkb9R/asAb+pbBSM17jtunHplhBe6RRJdZx3Pn2Jph24O32mOVg=="
    },
    "type-detect": {
      "version": "4.0.8",
      "resolved": "https://registry.npmjs.org/type-detect/-/type-detect-4.0.8.tgz",
      "integrity": "sha512-0fr/mIH1dlO+x7TlcMy+bIDqKPsw/70tVyeHW787goQjhmqaZe10uwLujubK9q9Lg6Fiho1KUKDYz0Z7k7g5/g=="
    },
    "underscore": {
      "version": "1.9.1",
      "resolved": "https://registry.npmjs.org/underscore/-/underscore-1.9.1.tgz",
      "integrity": "sha512-5/4etnCkd9c8gwgowi5/om/mYO5ajCaOgdzj/oW+0eQV9WxKBDZw5+ycmKmeaTXjInS/W0BzpGLo2xR2aBwZdg=="
    },
    "universalify": {
      "version": "0.1.2",
      "resolved": "https://registry.npmjs.org/universalify/-/universalify-0.1.2.tgz",
      "integrity": "sha512-rBJeI5CXAlmy1pV+617WB9J63U6XcazHHF2f2dbJix4XzpUF0RS3Zbj0FGIOCAva5P/d/GBOYaACQ1w+0azUkg=="
    },
    "util-deprecate": {
      "version": "1.0.2",
      "resolved": "https://registry.npmjs.org/util-deprecate/-/util-deprecate-1.0.2.tgz",
      "integrity": "sha1-RQ1Nyfpw3nMnYvvS1KKJgUGaDM8="
    },
    "wrappy": {
      "version": "1.0.2",
      "resolved": "https://registry.npmjs.org/wrappy/-/wrappy-1.0.2.tgz",
      "integrity": "sha1-tSQ9jz7BqjXxNkYFvA0QNuMKtp8="
    },
    "xtend": {
      "version": "4.0.1",
      "resolved": "https://registry.npmjs.org/xtend/-/xtend-4.0.1.tgz",
      "integrity": "sha1-pcbVMr5lbiPbgg77lDofBJmNY68="
    },
    "zip-stream": {
      "version": "2.0.1",
      "resolved": "https://registry.npmjs.org/zip-stream/-/zip-stream-2.0.1.tgz",
      "integrity": "sha512-c+eUhhkDpaK87G/py74wvWLtz2kzMPNCCkUApkun50ssE0oQliIQzWpTnwjB+MTKVIf2tGzIgHyqW/Y+W77ecQ==",
      "requires": {
        "archiver-utils": "^2.0.0",
        "compress-commons": "^1.2.0",
        "readable-stream": "^2.0.0"
      }
    }
  }
}
